{"cameraMode":{"drawMode":0,"name":"Shaded","section":"Shading Mode"},"sceneLighting":true,"audioPlay":false,"sceneViewState":{"showFog":true,"showMaterialUpdate":false,"showSkybox":true,"showFlares":true,"showImageEffects":true,"showParticleSystems":true},"in2DMode":false,"pivot":{"x":-2.7399954795837404,"y":0.7724344730377197,"z":2.239985942840576},"rotation":{"x":-0.14696000516414643,"y":-0.576511025428772,"z":0.10634350776672363,"w":-0.7967047691345215},"size":1.9059934616088868,"orthographic":true}