{"cameraMode":{"drawMode":0,"name":"Shaded","section":"Shading Mode"},"sceneLighting":true,"audioPlay":false,"sceneViewState":{"showFog":true,"showMaterialUpdate":false,"showSkybox":true,"showFlares":true,"showImageEffects":true,"showParticleSystems":true},"in2DMode":false,"pivot":{"x":546.8740234375,"y":1579.7152099609375,"z":31.984375},"rotation":{"x":-0.0024092793464660646,"y":-0.014401931315660477,"z":0.00003498874502838589,"w":-0.9998961091041565},"size":1936.5560302734375,"orthographic":true}