{"cameraMode":{"drawMode":0,"name":"Shaded","section":"Shading Mode"},"sceneLighting":true,"audioPlay":false,"sceneViewState":{"showFog":true,"showMaterialUpdate":false,"showSkybox":true,"showFlares":true,"showImageEffects":true,"showParticleSystems":true},"in2DMode":false,"pivot":{"x":563.7772827148438,"y":1032.4345703125,"z":31.345849990844728},"rotation":{"x":-0.0024092793464660646,"y":-0.014401931315660477,"z":0.00003498874502838589,"w":-0.9998961091041565},"size":1423.03662109375,"orthographic":true}